key,en,unresolved_terms
mmorpg.support_gem.swift_recharge,Swift Recharge [Support Gem](support_gem),support_gem
mmorpg.support_gem.strongbow,Strongbow [Support Gem](support_gem),support_gem
mmorpg.stat.energy_cost,[Energy](energy) Cost,energy
mmorpg.stat_desc.energy_cost,Modifies [Energy](energy) cost of Skills.,energy
mmorpg.stat.skill_damage_per_inc_leech,§7Gain §a[VAL1]%§7 of your ❤ [Leech](leech) Effect§7 as §6☀ [Skill Damage](skill_damage)§7,leech;skill_damage
mmorpg.stat.cast_speed_per_perc_burn_chance,§7Gain §a[VAL1]%§7 of your §6☀ Burn Chance§7 as §6☀ [Magic Skill Speed](cast_time)§7,cast_time
mmorpg.stat.attack_cast_speed_per_perc_burn_chance,§7Gain §a[VAL1]%§7 of your §6☀ Burn Chance§7 as §6☀ [Attack Skill Speed](cast_time)§7,cast_time
mmorpg.stat.weapon_skill_cdr_per_draw_speed,§7Gain §a[VAL1]%§7 of your §6☀ Draw Speed§7 as §6☀ [Attack Skill Speed](cast_time)§7,cast_time
mmorpg.stat.int_dmg_per_perc_dexterity,§7Gain §a[VAL1]%§7 of your §b★ Dexterity§7 as §b★ Magic [Skill Damage](skill_damage)§7,skill_damage
mmorpg.stat.dodge_per_perc_of_armor,§7Gain §a[VAL1]%§7 of your ★ [Armor](armour)§7 as ★ [Dodge Rating](dodge_rating)§7,armour;dodge_rating
mmorpg.stat.spell_dodge_per_perc_of_dodge,§7Gain §a[VAL1]%§7 of your ★ [Dodge Rating](dodge_rating)§7 as ★ [Magic Dodge](spell_dodge)§7,dodge_rating;spell_dodge
mmorpg.stat.mana_per_perc_of_magic_shield,§7Gain §a[VAL1]%§7 of your ❤ [Magic Shield](magic_shield)§7 as ☯ [Mana](mana)§7,magic_shield;mana
mmorpg.stat.all_physical_damage_per_perc_of_dexterity,§7Gain §a[VAL1]%§7 of your §b★ Dexterity§7 as §6☀ [Physical](physical_damage) Damage§7,physical_damage
mmorpg.stat.energy_on_basic_hit,[Energy](energy) on Basic [Hit](hit_damage),energy;hit_damage
mmorpg.stat_desc.energy_on_basic_hit,The amount restored regenerates over a short period of time and is capped by your [Leech Cap](leech_cap).,leech_cap
mmorpg.stat.resource_on_basic_hit,Resource on Basic [Hit](hit_damage),hit_damage
mmorpg.stat_desc.resource_on_basic_hit,The amount restored regenerates over a short period of time and is capped by your [Leech Cap](leech_cap).,leech_cap
mmorpg.stat.ele_equil_cold_on_fire_hit,§7§a15% More Cold Damage§7 on Fire [Hit](hit_damage) for 4s,hit_damage
mmorpg.stat.ele_equil_lightning_on_cold_hit,§7§a15% More Lightning Damage§7 on Cold [Hit](hit_damage) for 4s,hit_damage
mmorpg.stat.ele_equil_fire_on_lightning_hit,§7§a15% More Fire Damage§7 on Lightning [Hit](hit_damage) for 4s,hit_damage
mmorpg.stat.block_damage_reduction,[Block Damage Reduction](block),block
mmorpg.stat_desc.block_damage_reduction,"How much of a [hit](hit_damage) a successful [block](block) stops. It is 100% by default, so a blocked hit does nothing at all — including any part of it converted to another [damage type](damage_types).",hit_damage;block;damage_types
mmorpg.stat.block_recovery,Increased [Block Recovery](block),block
mmorpg.stat_desc.block_recovery,"How quickly you can [block](block) again. A successful block has a 1 second cooldown; +100% makes it recover twice as fast, down to a floor of 0.25 seconds.",block
mmorpg.stat.max_block_chance,Maximum Passive [Block Chance](block),block
mmorpg.stat_desc.max_block_chance,"Raises the 75% Passive [Block Chance](block) cap, up to a hard maximum of 90%.",block
mmorpg.stat.dot_magicshield_steal,[Damage Over Time](damage_over_time) [Magic Shield](magic_shield) [Leech](leech),damage_over_time;magic_shield;leech
mmorpg.stat_desc.dot_magicshield_steal,The amount restored regenerates over a short period of time and is capped by your [Leech Cap](leech_cap).,leech_cap
mmorpg.stat.shred_on_attack_hit,§7§a[VAL1]%§7 Chance to Apply a §b★ Shred§7 Stack on Attack [Hit](hit_damage) for 10s,hit_damage
mmorpg.effect.merc_frost_lich,[Mage Armor](mage_armor),mage_armor
mmorpg.effect.elemental_weakness_overheat,[Scorched](scorched) ([Overheat](overheat)),scorched;overheat
spell.desc.rip_apart,"The enemy explodes, §eknocking back§7 and dealing [calc:rip_apart] §6☀ [Physical](physical_damage)§7 Damage to nearby enemies.",physical_damage
spell.desc.frost_orbs,Summon 3 orbs of ice that slowly circle you for 10 seconds. Enemies they touch take [calc:frost_orbs] §b☀ [Cold](cold_damage)§7 Damage and are §b[Slowed](slow)§7 for 2 seconds.,cold_damage;slow
mmorpg.stat.proc_frost_orbs_on_cold_hit,§7§a[VAL1]%§7 Chance to Conjure 3 Orbiting Frost Orbs on §bCold§7 Attack [Hit](hit_damage),hit_damage
mmorpg.stat.cold_damage_per_perc_of_energy,§7Gain §a[VAL1]%§7 of your §9☯ [Energy](energy)§7 as §6☀ Added Cold Damage§7,energy
mmorpg.stat_desc.double_attack_chance_when_low,Chance to deal double damage on [hits](hit_damage) when on [Low Health](low_health). [Low Health](low_health) is 50% or less.,hit_damage;low_health;low_health
mmorpg.stat.phys_damage_per_perc_of_health_on_hit,§7Gain §a[VAL1]%§7 of your §6☀ Health on [Hit](hit_damage)§77 as §6☀ Added Physical Damage§7,hit_damage
spell.desc.merc_chilling_field,"The mercenary spawns a cloud of frost that lingers for 5s, [slowing](slow) and damaging enemies within it for [calc:merc_chilling_field] §b☀ [Cold](cold_damage)§7 Damage every second.",slow;cold_damage
spell.desc.merc_fire_wall,"The mercenary spews forth a wall of fire that burns for 5s, preventing enemies from getting too close to them. Enemies that touch the wall are §eknocked back§7 and dealt [calc:merc_fire_wall] §c☀ [Fire](fire_damage)§7 Damage.",fire_damage
spell.desc.merc_fireball,"The mercenary throws out a ball of fire that bursts on impact, dealing [calc:merc_fireball] §c☀ [Fire](fire_damage)§7 Damage in a small area.",fire_damage
spell.desc.merc_frost_lich_armor,"The mercenary surrounds themselves in magic for 20s, granting them [Magic Shield](magic_shield) and increasing their maximum [Magic Shield](magic_shield) by 25%, as well as granting §c☀ [Fire](fire_damage)§7 and §b☀ [Cold](cold_damage)§7 [Penetration](penetration).",magic_shield;magic_shield;fire_damage;cold_damage;penetration
spell.desc.merc_frost_nova,"The mercenary explodes with frost around them, dealing [calc:merc_frost_nova] §b☀ [Cold](cold_damage)§7 Damage to nearby enemies. Nearby [allies](allies) are soothed, and heal [calc:merc_frost_nova_heal] Health per second for 5s.",cold_damage;allies
spell.desc.merc_frozen_orb,"The mercenary throws an ice orb that briefly [slows](slow) and deals [calc:merc_iceball_half] §b☀ [Cold](cold_damage)§7 Damage to nearby enemies as it travels. While travelling, passing through enemies causes the orb to vibrate, spewing ice shards in all directions. Each shard deals [calc:merc_iceball_half] §b☀ [Cold](cold_damage)§7 Damage. Upon reaching its destination, the orb explodes, [slowing](slow) and dealing [calc:merc_iceball_explosion] §b☀ [Cold](cold_damage)§7 Damage in a large area.",slow;cold_damage;cold_damage;slow;cold_damage
spell.desc.merc_heart_of_ice,"The mercenary applies [Magic Shield](magic_shield) to nearby [allies](allies) for 10s. They also apply Soothe for 3s, which restores their [allies'](allies) [Magic Shield](magic_shield) at a rapid rate.",magic_shield;allies;allies;magic_shield
spell.desc.merc_inferno,"The mercenary channels to rapidly splay flames from their fingertips, dealing [calc:merc_inferno] §c☀ [Fire](fire_damage)§7 Damage to enemies [hit](hit_damage). The flames also pierce the enemy.",fire_damage;hit_damage
spell.desc.merc_magma_orb,"The mercenary summons a flaming orb which pulsates, engulfing the area in flames, dealing [calc:merc_magma_orb] §c☀ [Fire](fire_damage)§7 Damage to nearby enemies every second until exploding, dealing [calc:merc_magma_orb_explosion] §c☀ [Fire](fire_damage)§7 Damage in the same area. [Hits](hit_damage) also apply [Scorched](scorched) for 3s.",fire_damage;fire_damage;hit_damage;scorched
spell.desc.merc_meteor,"The mercenary summons a meteor that falls from the sky, §eknocking back§7 and dealing [calc:merc_meteor] §c☀ [Fire](fire_damage)§7 Damage to enemies in the area.",fire_damage
spell.desc.merc_flame_strike,"The mercenary swings their blade, striking enemies in front of them for [calc:merc_flame_strike] §c☀ [Fire](fire_damage)§7 Damage and applying [Scorched](scorched) for 4s.

Each swing also sends out a Fireball, which deals [calc:merc_flame_strike_fighter] §c☀ [Fire](fire_damage)§7 Damage in an area.",fire_damage;scorched;fire_damage
spell.desc.merc_gale_wind,"The mercenary quickly slices the air three times, sending out ripples of wind, dealing [calc:merc_gale_wind] §6☀ [Physical](physical_damage)§7 Damage and §eknocking enemies back§7.",physical_damage
spell.desc.merc_gong_strike,"The mercenary bashes enemies in front of them, dealing [calc:merc_gong_strike] §6☀ [Physical](physical_damage)§7 Damage and briefly applying [Stun](stun) to them.",physical_damage;stun
spell.desc.merc_protection,"The mercenary steadies their awareness, improving the [Armor](armour) and Elemental [Resistances](resistances) of nearby [allies](allies) for 10s.",armour;resistances;allies
spell.desc.merc_pull,"The mercenary pulls enemies in front of them to themselves, dealing [calc:merc_pull] §6☀ [Physical](physical_damage)§7 Damage, applying [Stun](stun) and Taunting them.",physical_damage;stun
spell.desc.merc_quake,"The mercenary smashes the enemies in front of them, dealing [calc:merc_quake_initial] §6☀ [Physical](physical_damage)§7 Damage and sending tremors into the ground. The tremors §eknock back§7 and deal [calc:merc_quake] §6☀ [Physical](physical_damage)§7 Damage to enemies in a large area.

Every [hit](hit_damage) [Slows](slow) enemies.",physical_damage;physical_damage;hit_damage;slow
spell.desc.merc_shred,"The mercenary slashes all nearby enemies 3 times, dealing [calc:merc_shred] §6☀ [Physical](physical_damage)§7 Damage and applying a stack of Shred with each [hit](hit_damage), lowering their [Armor](armour) for 10s.",physical_damage;hit_damage;armour
spell.desc.merc_tidal_strike,"The mercenary strikes enemies in front of them, dealing [calc:merc_tidal_strike] §b☀ [Cold](cold_damage)§7 Damage. Each [hit](hit_damage) also sends out a small AOE, dealing [calc:merc_tidal_strike_fighter] §b☀ [Cold](cold_damage)§7 Damage.",cold_damage;hit_damage;cold_damage
spell.desc.merc_whirlwind,"The mercenary spins and continuously strikes enemies around them, dealing [calc:merc_whirlwind] §6☀ [Physical](physical_damage)§7 Damage. The mercenary cannot be §eknocked back§7 while spinning.",physical_damage
spell.desc.merc_arrow_barrage,"The mercenary looses a rapid volley of arrows, each dealing [calc:merc_arrow_barrage] §6☀ [Physical](physical_damage)§7 Damage to the enemy [hit](hit_damage).",physical_damage;hit_damage
spell.desc.merc_charged_bolt,"The mercenary fires a charged arrow that pierces through enemies, dealing [calc:merc_charged_bolt] §e☀ [Lightning](lightning_damage)§7 Damage in a radius along its path and [Slowing](slow) everything it touches.",lightning_damage;slow
spell.desc.merc_meteor_arrow,"The mercenary shoots a blazing arrow dealing [calc:merc_meteor_arrow] §6☀ [Physical](physical_damage)§7 Damage, then calls down a meteor onto the impact point for [calc:merc_meteor_arrow] §c☀ [Fire](fire_damage)§7 Damage in a large area.",physical_damage;fire_damage
spell.desc.merc_arrow_storm,"The mercenary launches a storm of arrows into the air, each raining down for [calc:merc_arrow_storm] §6☀ [Physical](physical_damage)§7 Damage.",physical_damage
spell.desc.merc_fire_trap,"The mercenary throws down a trap that arms itself on the ground and detonates when an enemy approaches, dealing [calc:merc_fire_trap] §c☀ [Fire](fire_damage)§7 Damage in an area and applying [Elemental Weakness](weak) and Enflamed. Enflamed triggers on [basic attack](basic_attack), dealing [calc:merc_enflamed] §c☀ [Fire](fire_damage)§7 Damage in an area.",fire_damage;weak;basic_attack;fire_damage
spell.desc.merc_frost_trap,"The mercenary throws down a trap that arms itself on the ground and detonates when an enemy approaches, dealing [calc:merc_frost_trap] §b☀ [Cold](cold_damage)§7 Damage in an area and [Slowing](slow) enemies caught in it. It also applies Encased, which triggers on [basic attack](basic_attack), applying [Stun](stun) and dealing [calc:merc_encased] §b☀ [Cold](cold_damage)§7 Damage in an area.",cold_damage;slow;basic_attack;stun;cold_damage
spell.desc.merc_poison_trap,"The mercenary throws down a trap that arms itself on the ground and detonates when an enemy approaches, dealing [calc:merc_poison_trap] §5☀ [Chaos](chaos_damage)§7 Damage in an area.",chaos_damage
spell.desc.merc_hunters_focus,"The mercenary sharpens the party's aim, granting themselves and nearby [allies](allies) increased [Projectile Damage](projectile_damage) and a small chance to suppress incoming damage for 20s.",allies;projectile_damage
mmorpg.ailment.bleed.enlighten,[Bleed](bleed),bleed
mmorpg.ailment.burn.enlighten,[Burn](burn),burn
mmorpg.ailment.electrify.enlighten,[Electrify](electrify),electrify
mmorpg.ailment.freeze.enlighten,[Freeze](freeze),freeze
mmorpg.ailment.poison.enlighten,[Poison](poison),poison
mmorpg.tag.spell.one_handed.enlighten,[One-Handed](one_handed),one_handed
mmorpg.tag.spell.two_handed.enlighten,[Two-Handed](two_handed),two_handed
mmorpg.tag.spell.minions.enlighten,[Minions](minions),minions
mmorpg.tag.spell.allies.enlighten,[Allies](allies),allies
mmorpg.tag.spell.random_spread.enlighten,[Random Spread](random_spread),random_spread
mmorpg.tag.spell.finisher.enlighten,[Finisher](finisher),finisher
mmorpg.tag.spell.extender.enlighten,[Extender](extender),extender
mmorpg.tag.spell.linker.enlighten,[Linker](linker),linker
mmorpg.tag.spell.aura.enlighten,[Aura](aura),aura
mmorpg.tag.spell.burst.enlighten,[Burst](burst),burst
mmorpg.tag.spell.weapon_skill.enlighten,[Weapon](weapon_skill),weapon_skill
mmorpg.tag.spell.trap.enlighten,[Trap](trap),trap
mmorpg.tag.spell.thorns.enlighten,[Thorns](thorns),thorns
mmorpg.tag.spell.summon.enlighten,[Summon](summon),summon
mmorpg.tag.spell.shatter.enlighten,[Shatter](shatter),shatter
mmorpg.tag.spell.self_damage.enlighten,[Self Damage](self_damage),self_damage
mmorpg.tag.spell.rejuvenate.enlighten,[Rejuvenate](rejuvenate),rejuvenate
mmorpg.tag.spell.projectile.enlighten,[Projectile](projectile),projectile
mmorpg.tag.spell.not_affected_by_cast_speed.enlighten,[Stasis](not_affected_by_cast_speed),not_affected_by_cast_speed
mmorpg.tag.spell.movement.enlighten,[Movement](movement),movement
mmorpg.tag.spell.melee.enlighten,[Melee](melee),melee
mmorpg.tag.spell.magic.enlighten,[Magic](magic),magic
mmorpg.tag.spell.heal.enlighten,[Heal](heal),heal
mmorpg.tag.spell.damage.enlighten,[Damage](damage),damage
mmorpg.tag.spell.curse.enlighten,[Curse](curse),curse
mmorpg.tag.spell.chaining.enlighten,[Chaining](chaining),chaining
mmorpg.tag.spell.area.enlighten,[Area](area),area
mmorpg.tag.spell.buff.enlighten,[Buff](buff),buff
mmorpg.tag.spell.channel.enlighten,[Channel](channel),channel
mmorpg.tag.spell.totem.enlighten,[Totem](totem),totem
mmorpg.tag.spell.banner.enlighten,[Banner](banner),banner
mmorpg.tag.spell.cursed.enlighten,[Cursed](cursed),cursed
mmorpg.tag.spell.dot.enlighten,[Damage Over Time](damage_over_time),damage_over_time
mmorpg.tag.spell.fire.enlighten,[Fire](fire_damage),fire_damage
mmorpg.tag.spell.cold.enlighten,[Cold](cold_damage),cold_damage
mmorpg.tag.spell.lightning.enlighten,[Lightning](lightning_damage),lightning_damage
mmorpg.tag.spell.chaos.enlighten,[Chaos](chaos_damage),chaos_damage
mmorpg.tag.spell.physical.enlighten,[Physical](physical_damage),physical_damage
mmorpg.item_tips.buff_tip.enlighten,[Buff](buff),buff
mmorpg.item_tips.soul_modifier_tip.enlighten,[armor](armour),armour
mmorpg.item_tips.two_handed_blocks_offhand.enlighten,[Two-Handed](two_handed),two_handed
mmorpg.stat_group.ailment_chance.enlighten,[Ailment](ailment),ailment
mmorpg.stat_group.ailment_damage.enlighten,[Ailment](ailment),ailment
mmorpg.stat_group.ailment_duration.enlighten,[Ailment](ailment),ailment
mmorpg.stat_group.ailment_proc_chance.enlighten,[Ailment](ailment),ailment
mmorpg.stat_group.ele_pene.enlighten,[Penetration](penetration),penetration
mmorpg.effect.blizzard_reduce_heal_strength.enlighten,[Debuff](debuff),debuff
mmorpg.effect.endurance_charge.enlighten,[Endurance Charge](endurance_charge),endurance_charge
mmorpg.effect.fire_golem_buff.enlighten,[Buff](buff),buff
mmorpg.effect.frenzy_charge.enlighten,[Frenzy Charge](frenzy_charge),frenzy_charge
mmorpg.effect.ice_golem_buff.enlighten,[Buff](buff),buff
mmorpg.effect.lightning_golem_buff.enlighten,[Buff](buff),buff
mmorpg.effect.power_charge.enlighten,[Power Charge](power_charge),power_charge
mmorpg.effect.stun.enlighten,[Stun](stun),stun
mmorpg.effect.taunt_stance.enlighten,[Stance](stance),stance
mmorpg.talent.accuracy_percent_big.enlighten,[Accuracy](accuracy),accuracy
mmorpg.talent.ailment_damage_big.enlighten,[Ailment](ailment),ailment
mmorpg.talent.all_dot_damage_big.enlighten,[Damage Over Time](damage_over_time),damage_over_time
mmorpg.talent.all_penetration_big.enlighten,[Penetration](penetration),penetration
mmorpg.talent.all_resist_big.enlighten,[Resistance](resistances),resistances
mmorpg.talent.arcanist_class_0.enlighten,[Mana](mana),mana
mmorpg.talent.arcanist_class_5.enlighten,[Totem](totem),totem
mmorpg.talent.armor_dodge_big.enlighten,[Armor](armour),armour
mmorpg.talent.armor_ms_big.enlighten,[Armor](armour),armour
mmorpg.talent.armor_penetration_percent_big.enlighten,[Armor Penetration](armor_penetration),armor_penetration
mmorpg.talent.armor_percent_big.enlighten,[Armor](armour),armour
mmorpg.talent.banner_cdr_big.enlighten,"[Banner](banner), [Cooldown Reduction](cooldown)",banner;cooldown
mmorpg.talent.banner_damage_big.enlighten,"[Banner](banner), [Skill Damage](skill_damage)",banner;skill_damage
mmorpg.talent.banner_duration_big.enlighten,[Banner](banner),banner
mmorpg.talent.battlemage_class_2.enlighten,[Regeneration](regeneration),regeneration
mmorpg.talent.block_chance_big.enlighten,[Block Chance](block),block
mmorpg.talent.cdr_big.enlighten,[Cooldown Reduction](cooldown),cooldown
mmorpg.talent.chaos_dot_damage_big.enlighten,[Damage Over Time](damage_over_time),damage_over_time
mmorpg.talent.chaos_penetration_big.enlighten,[Penetration](penetration),penetration
mmorpg.talent.chaos_resist_big.enlighten,[Resistance](resistances),resistances
mmorpg.talent.curse_duration_big.enlighten,[Curse](curse),curse
mmorpg.talent.curse_effect_big.enlighten,[Curse](curse),curse
mmorpg.talent.curse_master.enlighten,[Curse](curse),curse
mmorpg.talent.dodge_ms_big.enlighten,[Dodge Rating](dodge_rating),dodge_rating
mmorpg.talent.dodge_percent_big.enlighten,[Dodge Rating](dodge_rating),dodge_rating
mmorpg.talent.dot_dmg_big.enlighten,[Damage Over Time](damage_over_time),damage_over_time
mmorpg.talent.dot_dmg_hp_regen_big.enlighten,[Damage Over Time](damage_over_time),damage_over_time
mmorpg.talent.electrify_chance_big.enlighten,[Electrify](electrify),electrify
mmorpg.talent.electrify_damage_big.enlighten,[Electrify](electrify),electrify
mmorpg.talent.electrify_duration_big.enlighten,[Electrify](electrify),electrify
mmorpg.talent.elemental_dot_damage_big.enlighten,[Damage Over Time](damage_over_time),damage_over_time
mmorpg.talent.elemental_penetration_big.enlighten,[Penetration](penetration),penetration
mmorpg.talent.elemental_resist_big.enlighten,[Resistance](resistances),resistances
mmorpg.talent.energy_claws.enlighten,[Energy](energy),energy
mmorpg.talent.energy_percent_big.enlighten,[Energy](energy),energy
mmorpg.talent.energy_regen_percent_big.enlighten,"[Energy](energy), [Regen](regeneration)",energy;regeneration
mmorpg.talent.fire_dot_damage_big.enlighten,[Damage Over Time](damage_over_time),damage_over_time
mmorpg.talent.fire_penetration_big.enlighten,[Penetration](penetration),penetration
mmorpg.talent.fire_resist_big.enlighten,[Resistance](resistances),resistances
mmorpg.talent.freeze_chance_big.enlighten,[Freeze](freeze),freeze
mmorpg.talent.freeze_damage_big.enlighten,[Freeze](freeze),freeze
mmorpg.talent.freeze_duration_big.enlighten,[Freeze](freeze),freeze
mmorpg.talent.health_regen_percent_big.enlighten,[Regen](regeneration),regeneration
mmorpg.talent.hp_mana_big.enlighten,[Mana](mana),mana
mmorpg.talent.hp_regen_energy_regen_big.enlighten,[Regen](regeneration),regeneration
mmorpg.talent.inc_aoe_big.enlighten,[Area of Effect](area_of_effect),area_of_effect
mmorpg.talent.inc_leech_big.enlighten,[Leech](leech),leech
mmorpg.talent.keystone_prophecy_twin_curse.enlighten,[Curse](curse),curse
mmorpg.talent.lich_class_2.enlighten,[Armor](armour),armour
mmorpg.talent.lich_class_5.enlighten,[Curse](curse),curse
mmorpg.talent.lightning_dot_damage_big.enlighten,[Damage Over Time](damage_over_time),damage_over_time
mmorpg.talent.lightning_penetration_big.enlighten,[Penetration](penetration),penetration
mmorpg.talent.lightning_resist_big.enlighten,[Resistance](resistances),resistances
mmorpg.talent.magic_shield_percent_big.enlighten,[Magic Shield](magic_shield),magic_shield
mmorpg.talent.magic_shield_regen_percent_big.enlighten,"[Magic Shield](magic_shield), [Regen](regeneration)",magic_shield;regeneration
mmorpg.talent.mana_battery.enlighten,[Mana](mana),mana
mmorpg.talent.mana_ene_regen_small.enlighten,"[Mana](mana), [Regen](regeneration)",mana;regeneration
mmorpg.talent.mana_ms_percent_small.enlighten,[Mana](mana),mana
mmorpg.talent.mana_percent_big.enlighten,[Mana](mana),mana
mmorpg.talent.mana_regen_energy_regen_big.enlighten,"[Mana](mana), [Regen](regeneration)",mana;regeneration
mmorpg.talent.mana_regen_hp_regen_big.enlighten,"[Mana](mana), [Regen](regeneration)",mana;regeneration
mmorpg.talent.mana_regen_percent_big.enlighten,"[Mana](mana), [Regen](regeneration)",mana;regeneration
mmorpg.talent.max_totems.enlighten,[Totems](totem),totem
mmorpg.talent.ms_energy_regen_big.enlighten,[Magic Shield](magic_shield),magic_shield
mmorpg.talent.necromancer_class_6.enlighten,[Minions](minions),minions
mmorpg.talent.physical_dot_damage_big.enlighten,[Damage Over Time](damage_over_time),damage_over_time
mmorpg.talent.physical_penetration_big.enlighten,[Penetration](penetration),penetration
mmorpg.talent.physical_resist_big.enlighten,[Resistance](resistances),resistances
mmorpg.talent.raider_class_0.enlighten,[Evasion](evasion),evasion
mmorpg.talent.shatter_proc_chance_big.enlighten,[Shatter](shatter),shatter
mmorpg.talent.totem_duration_big.enlighten,[Totem](totem),totem
mmorpg.talent.trickster_class_4.enlighten,[Leech](leech),leech
mmorpg.talent.true_hit.enlighten,[Hit](hit_damage),hit_damage
mmorpg.talent.water_dot_damage_big.enlighten,[Damage Over Time](damage_over_time),damage_over_time
mmorpg.talent.water_penetration_big.enlighten,[Penetration](penetration),penetration
mmorpg.talent.water_resist_big.enlighten,[Resistance](resistances),resistances
mmorpg.stat.accuracy.enlighten,[Accuracy](accuracy),accuracy
mmorpg.stat.accuracy_per_10_dexterity.enlighten,[Accuracy](accuracy),accuracy
mmorpg.stat.all_dmg_reduction.enlighten,[Damage Reduction](damage_reduction),damage_reduction
mmorpg.stat.all_dot_damage.enlighten,[Damage Over Time](damage_over_time),damage_over_time
mmorpg.stat.all_health_leech.enlighten,[Leech](leech),leech
mmorpg.stat.all_mana_leech.enlighten,"[Leech](leech), [Mana](mana)",leech;mana
mmorpg.stat.all_penetration.enlighten,[Penetration](penetration),penetration
mmorpg.stat.all_resist.enlighten,[Resistance](resistances),resistances
mmorpg.stat.apply_golem_effect_fire_golem_buff.enlighten,[Buff](buff),buff
mmorpg.stat.apply_golem_effect_ice_golem_buff.enlighten,[Buff](buff),buff
mmorpg.stat.apply_golem_effect_lightning_golem_buff.enlighten,[Buff](buff),buff
mmorpg.stat.area_spell_dmg.enlighten,[Skill Damage](skill_damage),skill_damage
mmorpg.stat.armor.enlighten,[Armor](armour),armour
mmorpg.stat.armor_aura_cost.enlighten,"[Armor](armour), [Augment](augment)",armour;augment
mmorpg.stat.armor_penetration.enlighten,[Armor Penetration](armor_penetration),armor_penetration
mmorpg.stat.armor_per_10_dodge.enlighten,"[Armor](armour), [Dodge Rating](dodge_rating)",armour;dodge_rating
mmorpg.stat.armor_per_10_mana.enlighten,"[Armor](armour), [Mana](mana)",armour;mana
mmorpg.stat.arrow_spell_dmg.enlighten,[Skill Damage](skill_damage),skill_damage
mmorpg.stat.attack_damage.enlighten,[Attack Damage](attack_damage),attack_damage
mmorpg.stat.banner_cast_time.enlighten,"[Banner](banner), [Skill Speed](cast_time)",banner;cast_time
mmorpg.stat.banner_duration.enlighten,[Banner](banner),banner
mmorpg.stat.banner_spell_dmg.enlighten,"[Banner](banner), [Skill Damage](skill_damage)",banner;skill_damage
mmorpg.stat.banner_spell_dmg_taken.enlighten,[Banner](banner),banner
mmorpg.stat.beast_spell_dmg.enlighten,[Skill Damage](skill_damage),skill_damage
mmorpg.stat.bleed_proc_chance.enlighten,[Shatter](shatter),shatter
mmorpg.stat.block_aura_cost.enlighten,[Augment](augment),augment
mmorpg.stat.blood_leech_cap.enlighten,[Leech Cap](leech_cap),leech_cap
mmorpg.stat.blood_on_is_blocked.enlighten,[Leech](leech),leech
mmorpg.stat.blood_on_is_dodged.enlighten,[Leech](leech),leech
mmorpg.stat.blood_on_kill.enlighten,[Leech](leech),leech
mmorpg.stat.blood_user.enlighten,[Mana](mana),mana
mmorpg.stat.buff_cast_time.enlighten,"[Buff](buff), [Skill Speed](cast_time)",buff;cast_time
mmorpg.stat.buff_cdr.enlighten,"[Buff](buff), [Cooldown Reduction](cooldown)",buff;cooldown
mmorpg.stat.buff_spell_dmg.enlighten,"[Buff](buff), [Skill Damage](skill_damage)",buff;skill_damage
mmorpg.stat.buff_spell_dmg_taken.enlighten,[Buff](buff),buff
mmorpg.stat.burn_proc_chance.enlighten,[Shatter](shatter),shatter
mmorpg.stat.cd_ticks.enlighten,[Cooldown](cooldown),cooldown
mmorpg.stat.cdr.enlighten,[Cooldown Reduction](cooldown),cooldown
mmorpg.stat.chance_of_blind.enlighten,[Chaos](chaos_damage),chaos_damage
mmorpg.stat.channel_cdr.enlighten,[Cooldown Reduction](cooldown),cooldown
mmorpg.stat.channel_speed.enlighten,[Channel Speed](cast_time),cast_time
mmorpg.stat.channel_spell_dmg.enlighten,[Skill Damage](skill_damage),skill_damage
mmorpg.stat.chaos_ailment_aura_cost.enlighten,[Augment](augment),augment
mmorpg.stat.chaos_cdr.enlighten,[Cooldown Reduction](cooldown),cooldown
mmorpg.stat.chaos_damage_aura_cost.enlighten,[Augment](augment),augment
mmorpg.stat.chaos_dmg_reduction.enlighten,[Damage Reduction](damage_reduction),damage_reduction
mmorpg.stat.chaos_dmg_when_target_low_hp.enlighten,[Chaos](chaos_damage),chaos_damage
mmorpg.stat.chaos_doesnt_bypass_magic_shield.enlighten,"[Chaos](chaos_damage), [Magic Shield](magic_shield)",chaos_damage;magic_shield
mmorpg.stat.chaos_dot_damage.enlighten,[Damage Over Time](damage_over_time),damage_over_time
mmorpg.stat.chaos_health_leech.enlighten,"[Leech](leech), [Chaos](chaos_damage)",leech;chaos_damage
mmorpg.stat.chaos_mana_leech.enlighten,"[Leech](leech), [Chaos](chaos_damage), [Mana](mana)",leech;chaos_damage;mana
mmorpg.stat.chaos_penetration.enlighten,[Penetration](penetration),penetration
mmorpg.stat.chaos_res_aura_cost.enlighten,[Augment](augment),augment
mmorpg.stat.chaos_resist.enlighten,[Resistance](resistances),resistances
mmorpg.stat.chaos_spell_dmg.enlighten,[Skill Damage](skill_damage),skill_damage
mmorpg.stat.cold_ailment_aura_cost.enlighten,[Augment](augment),augment
mmorpg.stat.cold_cdr.enlighten,[Cooldown Reduction](cooldown),cooldown
mmorpg.stat.cold_damage_aura_cost.enlighten,[Augment](augment),augment
mmorpg.stat.cold_res_aura_cost.enlighten,[Augment](augment),augment
mmorpg.stat.cold_spell_dmg.enlighten,[Skill Damage](skill_damage),skill_damage
mmorpg.stat.curse_cast_time.enlighten,"[Curse](curse), [Skill Speed](cast_time)",curse;cast_time
mmorpg.stat.curse_eff_dur_u_cast.enlighten,[Curse](curse),curse
mmorpg.stat.curse_spell_dmg_taken.enlighten,[Curse](curse),curse
mmorpg.stat.damage_spell_dmg.enlighten,[Skill Damage](skill_damage),skill_damage
mmorpg.stat.dmg_received.enlighten,[Damage Received](damage_received),damage_received
mmorpg.stat.dmg_reduction.enlighten,[Damage Reduction](damage_reduction),damage_reduction
mmorpg.stat.dmg_taken_to_mana.enlighten,[Mana](mana),mana
mmorpg.stat.dmg_when_low_hp.enlighten,[Low Health](low_health),low_health
mmorpg.stat.dmg_when_target_is_low_hp.enlighten,[Low Health](low_health),low_health
mmorpg.stat.dodge.enlighten,[Dodge Rating](dodge_rating),dodge_rating
mmorpg.stat.dodge_aura_cost.enlighten,[Augment](augment),augment
mmorpg.stat.dot_dmg.enlighten,[Damage Over Time](damage_over_time),damage_over_time
mmorpg.stat.dot_dmg_multi.enlighten,[Damage Over Time](damage_over_time),damage_over_time
mmorpg.stat.ele_res_aura_cost.enlighten,[Augment](augment),augment
mmorpg.stat.elemental_dmg_reduction.enlighten,[Damage Reduction](damage_reduction),damage_reduction
mmorpg.stat.elemental_dot_damage.enlighten,[Damage Over Time](damage_over_time),damage_over_time
mmorpg.stat.elemental_health_leech.enlighten,[Leech](leech),leech
mmorpg.stat.elemental_mana_leech.enlighten,"[Leech](leech), [Mana](mana)",leech;mana
mmorpg.stat.elemental_penetration.enlighten,[Penetration](penetration),penetration
mmorpg.stat.elemental_resist.enlighten,[Resistance](resistances),resistances
mmorpg.stat.energy.enlighten,[Energy](energy),energy
mmorpg.stat.energy_leech_cap.enlighten,"[Energy](energy), [Leech Cap](leech_cap)",energy;leech_cap
mmorpg.stat.energy_on_is_blocked.enlighten,"[Leech](leech), [Energy](energy)",leech;energy
mmorpg.stat.energy_on_is_dodged.enlighten,"[Leech](leech), [Energy](energy)",leech;energy
mmorpg.stat.energy_on_kill.enlighten,"[Leech](leech), [Energy](energy)",leech;energy
mmorpg.stat.energy_per_10_dexterity.enlighten,[Energy](energy),energy
mmorpg.stat.energy_per_10_mana.enlighten,"[Energy](energy), [Mana](mana)",energy;mana
mmorpg.stat.energy_reg_aura_cost.enlighten,"[Energy](energy), [Regen](regeneration), [Augment](augment)",energy;regeneration;augment
mmorpg.stat.energy_regen.enlighten,"[Energy](energy), [Regen](regeneration)",energy;regeneration
mmorpg.stat.fire_ailment_aura_cost.enlighten,[Augment](augment),augment
mmorpg.stat.fire_cdr.enlighten,[Cooldown Reduction](cooldown),cooldown
mmorpg.stat.fire_damage_aura_cost.enlighten,[Augment](augment),augment
mmorpg.stat.fire_dmg_reduction.enlighten,[Damage Reduction](damage_reduction),damage_reduction
mmorpg.stat.fire_dmg_when_target_low_hp.enlighten,[Fire](fire_damage),fire_damage
mmorpg.stat.fire_dot_damage.enlighten,[Damage Over Time](damage_over_time),damage_over_time
mmorpg.stat.fire_health_leech.enlighten,"[Leech](leech), [Fire](fire_damage)",leech;fire_damage
mmorpg.stat.fire_mana_leech.enlighten,"[Leech](leech), [Fire](fire_damage), [Mana](mana)",leech;fire_damage;mana
mmorpg.stat.fire_penetration.enlighten,[Penetration](penetration),penetration
mmorpg.stat.fire_res_aura_cost.enlighten,[Augment](augment),augment
mmorpg.stat.fire_resist.enlighten,[Resistance](resistances),resistances
mmorpg.stat.has_pet_ability_cdr.enlighten,[Cooldown Reduction](cooldown),cooldown
mmorpg.stat.has_pet_ability_spell_dmg.enlighten,[Skill Damage](skill_damage),skill_damage
mmorpg.stat.heal_spell_dmg.enlighten,[Skill Damage](skill_damage),skill_damage
mmorpg.stat.health_leech_cap.enlighten,[Leech Cap](leech_cap),leech_cap
mmorpg.stat.health_on_is_blocked.enlighten,[Leech](leech),leech
mmorpg.stat.health_on_is_dodged.enlighten,[Leech](leech),leech
mmorpg.stat.health_on_kill.enlighten,[Leech](leech),leech
mmorpg.stat.health_per_10_armor.enlighten,[Armor](armour),armour
mmorpg.stat.health_reg_aura_cost.enlighten,"[Regen](regeneration), [Augment](augment)",regeneration;augment
mmorpg.stat.health_regen.enlighten,[Regen](regeneration),regeneration
mmorpg.stat.health_regen_per_10_intelligence.enlighten,[Regen](regeneration),regeneration
mmorpg.stat.health_regen_per_1_magic_shield_regen.enlighten,"[Regen](regeneration), [Magic Shield](magic_shield)",regeneration;magic_shield
mmorpg.stat.hit_damage.enlighten,[Hit](hit_damage),hit_damage
mmorpg.stat.inc_aoe.enlighten,[Area of Effect](area_of_effect),area_of_effect
mmorpg.stat.inc_effect_of_curse_buff_given.enlighten,[Curse](curse),curse
mmorpg.stat.inc_effect_of_shrine_buff_given.enlighten,[Shrine](shrine),shrine
mmorpg.stat.inc_effect_of_song_buff_on_you.enlighten,[buffs](buff),buff
mmorpg.stat.inc_leech.enlighten,[Leech](leech),leech
mmorpg.stat.learn_arrow_totem.enlighten,[Totem](totem),totem
mmorpg.stat.learn_astral_totem.enlighten,[Totem](totem),totem
mmorpg.stat.learn_chaos_totem.enlighten,[Totem](totem),totem
mmorpg.stat.learn_curse_of_agony.enlighten,[Curse](curse),curse
mmorpg.stat.learn_curse_of_despair.enlighten,[Curse](curse),curse
mmorpg.stat.learn_curse_of_weak.enlighten,[Curse](curse),curse
mmorpg.stat.learn_explode_minions.enlighten,[Minions](minions),minions
mmorpg.stat.learn_frost_flower.enlighten,[Totem](totem),totem
mmorpg.stat.learn_lightning_totem.enlighten,[Totem](totem),totem
mmorpg.stat.learn_magma_flower.enlighten,[Totem](totem),totem
mmorpg.stat.learn_rejuv_totem.enlighten,[Totem](totem),totem
mmorpg.stat.light_res_aura_cost.enlighten,[Augment](augment),augment
mmorpg.stat.lightning_ailment_aura_cost.enlighten,[Augment](augment),augment
mmorpg.stat.lightning_cdr.enlighten,[Cooldown Reduction](cooldown),cooldown
mmorpg.stat.lightning_dmg_reduction.enlighten,[Damage Reduction](damage_reduction),damage_reduction
mmorpg.stat.lightning_dmg_when_target_low_hp.enlighten,[Lightning](lightning_damage),lightning_damage
mmorpg.stat.lightning_dot_damage.enlighten,[Damage Over Time](damage_over_time),damage_over_time
mmorpg.stat.lightning_health_leech.enlighten,"[Leech](leech), [Lightning](lightning_damage)",leech;lightning_damage
mmorpg.stat.lightning_mana_leech.enlighten,"[Leech](leech), [Lightning](lightning_damage), [Mana](mana)",leech;lightning_damage;mana
mmorpg.stat.lightning_penetration.enlighten,[Penetration](penetration),penetration
mmorpg.stat.lightning_resist.enlighten,[Resistance](resistances),resistances
mmorpg.stat.magic_shield.enlighten,[Magic Shield](magic_shield),magic_shield
mmorpg.stat.magic_shield_heal.enlighten,[Magic Shield](magic_shield),magic_shield
mmorpg.stat.magic_shield_leech_cap.enlighten,"[Magic Shield](magic_shield), [Leech Cap](leech_cap)",magic_shield;leech_cap
mmorpg.stat.magic_shield_on_is_blocked.enlighten,"[Leech](leech), [Magic Shield](magic_shield)",leech;magic_shield
mmorpg.stat.magic_shield_on_is_dodged.enlighten,"[Leech](leech), [Magic Shield](magic_shield)",leech;magic_shield
mmorpg.stat.magic_shield_on_kill.enlighten,"[Leech](leech), [Magic Shield](magic_shield)",leech;magic_shield
mmorpg.stat.magic_shield_per_10_dodge.enlighten,"[Magic Shield](magic_shield), [Dodge Rating](dodge_rating)",magic_shield;dodge_rating
mmorpg.stat.magic_shield_per_10_mana.enlighten,"[Magic Shield](magic_shield), [Mana](mana)",magic_shield;mana
mmorpg.stat.magic_shield_regen.enlighten,"[Magic Shield](magic_shield), [Regen](regeneration)",magic_shield;regeneration
mmorpg.stat.magic_shield_regen_per_1_health_regen.enlighten,"[Magic Shield](magic_shield), [Regen](regeneration)",magic_shield;regeneration
mmorpg.stat.mana.enlighten,[Mana](mana),mana
mmorpg.stat.mana_leech_cap.enlighten,"[Mana](mana), [Leech Cap](leech_cap)",mana;leech_cap
mmorpg.stat.mana_on_is_blocked.enlighten,"[Leech](leech), [Mana](mana)",leech;mana
mmorpg.stat.mana_on_is_dodged.enlighten,"[Leech](leech), [Mana](mana)",leech;mana
mmorpg.stat.mana_on_kill.enlighten,"[Leech](leech), [Mana](mana)",leech;mana
mmorpg.stat.mana_per_10_armor.enlighten,"[Mana](mana), [Armor](armour)",mana;armour
mmorpg.stat.mana_per_10_dexterity.enlighten,[Mana](mana),mana
mmorpg.stat.mana_per_10_dodge.enlighten,"[Mana](mana), [Dodge Rating](dodge_rating)",mana;dodge_rating
mmorpg.stat.mana_per_10_health.enlighten,[Mana](mana),mana
mmorpg.stat.mana_per_10_intelligence.enlighten,[Mana](mana),mana
mmorpg.stat.mana_per_10_strength.enlighten,[Mana](mana),mana
mmorpg.stat.mana_reg_aura_cost.enlighten,"[Mana](mana), [Regen](regeneration), [Augment](augment)",mana;regeneration;augment
mmorpg.stat.mana_regen.enlighten,"[Mana](mana), [Regen](regeneration)",mana;regeneration
mmorpg.stat.mana_regen_per_500_magic_shield.enlighten,"[Mana](mana), [Regen](regeneration), [Magic Shield](magic_shield)",mana;regeneration;magic_shield
mmorpg.stat.max_all_resist.enlighten,[Resistance](resistances),resistances
mmorpg.stat.max_banners.enlighten,[Banners](banner),banner
mmorpg.stat.max_chaos_resist.enlighten,[Resistance](resistances),resistances
mmorpg.stat.max_elemental_resist.enlighten,[Resistance](resistances),resistances
mmorpg.stat.max_fire_resist.enlighten,[Resistance](resistances),resistances
mmorpg.stat.max_lightning_resist.enlighten,[Resistance](resistances),resistances
mmorpg.stat.max_physical_resist.enlighten,[Resistance](resistances),resistances
mmorpg.stat.max_totems.enlighten,[Totems](totem),totem
mmorpg.stat.max_water_resist.enlighten,[Resistance](resistances),resistances
mmorpg.stat.missile_cdr.enlighten,[Cooldown Reduction](cooldown),cooldown
mmorpg.stat.missile_spell_dmg.enlighten,[Skill Damage](skill_damage),skill_damage
mmorpg.stat.missing_hp_health_regen_per_2.enlighten,[Regen](regeneration),regeneration
mmorpg.stat.missing_magic_shield_dmg_received_per_10.enlighten,"[Damage Received](damage_received), [Magic Shield](magic_shield)",damage_received;magic_shield
mmorpg.stat.missing_mana_dmg_per_10.enlighten,[Mana](mana),mana
mmorpg.stat.more_threat_on_take_dmg.enlighten,[threat](threat),threat
mmorpg.stat.non_crit_damage.enlighten,[Critical Damage](critical_damage),critical_damage
mmorpg.stat.out_of_combat_regen.enlighten,[Regen](regeneration),regeneration
mmorpg.stat.physical_ailment_aura_cost.enlighten,[Augment](augment),augment
mmorpg.stat.physical_cdr.enlighten,[Cooldown Reduction](cooldown),cooldown
mmorpg.stat.physical_damage_aura_cost.enlighten,[Augment](augment),augment
mmorpg.stat.physical_dmg_reduction.enlighten,[Damage Reduction](damage_reduction),damage_reduction
mmorpg.stat.physical_dmg_when_target_low_hp.enlighten,[Physical](physical_damage),physical_damage
mmorpg.stat.physical_dot_damage.enlighten,[Damage Over Time](damage_over_time),damage_over_time
mmorpg.stat.physical_health_leech.enlighten,"[Leech](leech), [Physical](physical_damage)",leech;physical_damage
mmorpg.stat.physical_mana_leech.enlighten,"[Leech](leech), [Physical](physical_damage), [Mana](mana)",leech;physical_damage;mana
mmorpg.stat.physical_penetration.enlighten,[Penetration](penetration),penetration
mmorpg.stat.physical_resist.enlighten,[Resistance](resistances),resistances
mmorpg.stat.plus_lvl_banner_spells.enlighten,[Banner](banner),banner
mmorpg.stat.plus_lvl_shatter_spells.enlighten,[Shatter](shatter),shatter
mmorpg.stat.poison_proc_chance.enlighten,[Shatter](shatter),shatter
mmorpg.stat.prophecy_double_curse.enlighten,[Curse](curse),curse
mmorpg.stat.rejuvenate_cdr.enlighten,[Cooldown Reduction](cooldown),cooldown
mmorpg.stat.rejuvenate_spell_dmg.enlighten,[Skill Damage](skill_damage),skill_damage
mmorpg.stat.self_damage_cdr.enlighten,[Cooldown Reduction](cooldown),cooldown
mmorpg.stat.self_damage_spell_dmg.enlighten,[Skill Damage](skill_damage),skill_damage
mmorpg.stat.shatter_cast_time.enlighten,"[Shatter](shatter), [Skill Speed](cast_time)",shatter;cast_time
mmorpg.stat.shatter_cdr.enlighten,"[Shatter](shatter), [Cooldown Reduction](cooldown)",shatter;cooldown
mmorpg.stat.shatter_spell_dmg.enlighten,"[Shatter](shatter), [Skill Damage](skill_damage)",shatter;skill_damage
mmorpg.stat.shatter_spell_dmg_taken.enlighten,[Shatter](shatter),shatter
mmorpg.stat.shield_spell_dmg.enlighten,[Skill Damage](skill_damage),skill_damage
mmorpg.stat.shout_spell_dmg.enlighten,[Skill Damage](skill_damage),skill_damage
mmorpg.stat.shrine_double_buff.enlighten,"[Shrine](shrine), [Buff](buff)",shrine;buff
mmorpg.stat.shrine_eff_dur_u_cast.enlighten,[Shrine](shrine),shrine
mmorpg.stat.shrine_event_chance.enlighten,[Shrine](shrine),shrine
mmorpg.stat.summon_dmg_aura_cost.enlighten,[Augment](augment),augment
mmorpg.stat.summon_spell_dmg.enlighten,[Skill Damage](skill_damage),skill_damage
mmorpg.stat.thorns_spell_dmg.enlighten,[Skill Damage](skill_damage),skill_damage
mmorpg.stat.threat_generated.enlighten,[Threat](threat),threat
mmorpg.stat.totem_cast_time.enlighten,"[Totem](totem), [Skill Speed](cast_time)",totem;cast_time
mmorpg.stat.totem_duration.enlighten,[Totem](totem),totem
mmorpg.stat.totem_spell_dmg_taken.enlighten,[Totem](totem),totem
mmorpg.stat.water_dmg_reduction.enlighten,[Damage Reduction](damage_reduction),damage_reduction
mmorpg.stat.water_dmg_when_target_low_hp.enlighten,[Cold](cold_damage),cold_damage
mmorpg.stat.water_dot_damage.enlighten,[Damage Over Time](damage_over_time),damage_over_time
mmorpg.stat.water_health_leech.enlighten,"[Leech](leech), [Cold](cold_damage)",leech;cold_damage
mmorpg.stat.water_mana_leech.enlighten,"[Leech](leech), [Cold](cold_damage), [Mana](mana)",leech;cold_damage;mana
mmorpg.stat.water_penetration.enlighten,[Penetration](penetration),penetration
mmorpg.stat.water_resist.enlighten,[Resistance](resistances),resistances
mmorpg.stat.weapon_skill_cdr.enlighten,[Cooldown Reduction](cooldown),cooldown
mmorpg.stat.weapon_skill_spell_dmg.enlighten,[Skill Damage](skill_damage),skill_damage
mmorpg.formatter.buff_consumptions_name.locale_context_for_translator.enlighten,[buff](buff),buff
mmorpg.formatter.gear_item_name_all.locale_context_for_translator.enlighten,[Penetration](penetration),penetration
mmorpg.stat_layer.damage_reduction.enlighten,[Damage Reduction](damage_reduction),damage_reduction
mmorpg.stat_layer.flat_damage_reduction.enlighten,[Damage Reduction](damage_reduction),damage_reduction
mmorpg.chat.cant_equip_that_many_supports.enlighten,[Support Gems](support_gem),support_gem
mmorpg.chat.cant_same_buff.enlighten,[buff](buff),buff
mmorpg.chat.cant_use_multiple_same_supports.enlighten,[Support Gems](support_gem),support_gem
mmorpg.chat.character_load_info.enlighten,"[Armor](armour), [Support Gems](support_gem), [Aura](aura)",armour;support_gem;aura
mmorpg.chat.not_enough_favor_to_reroll_prophecy.enlighten,[Curses](curse),curse
mmorpg.chat.resists_too_low_for_map.enlighten,[Resistances](resistances),resistances
mmorpg.chat.shrine_buff_received.enlighten,[Shrine](shrine),shrine
mmorpg.chat.shrine_buff_received_two.enlighten,[Shrine](shrine),shrine
mmorpg.chat.too_many_buffs.enlighten,[buffs](buff),buff
mmorpg.support_gem.aggressive_minions.enlighten,"[Minions](minions), [Support Gem](support_gem)",minions;support_gem
mmorpg.support_gem.ailment_damage_less_hit_dmg.enlighten,"[Ailment](ailment), [Support Gem](support_gem)",ailment;support_gem
mmorpg.support_gem.aoe_dmg.enlighten,[Support Gem](support_gem),support_gem
mmorpg.support_gem.bleed_chance.enlighten,[Support Gem](support_gem),support_gem
mmorpg.support_gem.burn_chance.enlighten,[Support Gem](support_gem),support_gem
mmorpg.support_gem.chaos_damage.enlighten,[Support Gem](support_gem),support_gem
mmorpg.support_gem.chaos_pene.enlighten,"[Penetration](penetration), [Support Gem](support_gem)",penetration;support_gem
mmorpg.support_gem.cold_damage.enlighten,[Support Gem](support_gem),support_gem
mmorpg.support_gem.crit_chance.enlighten,[Support Gem](support_gem),support_gem
mmorpg.support_gem.crit_damage.enlighten,[Support Gem](support_gem),support_gem
mmorpg.support_gem.crit_dmg_less_non_crit_dmg.enlighten,[Support Gem](support_gem),support_gem
mmorpg.support_gem.dot_damage.enlighten,"[Damage Over Time](damage_over_time), [Support Gem](support_gem)",damage_over_time;support_gem
mmorpg.support_gem.effect_duration.enlighten,[Support Gem](support_gem),support_gem
mmorpg.support_gem.electrify_chance.enlighten,"[Electrify](electrify), [Support Gem](support_gem)",electrify;support_gem
mmorpg.support_gem.faster_channelling.enlighten,"[Channelling](channel), [Support Gem](support_gem)",channel;support_gem
mmorpg.support_gem.fire_damage.enlighten,[Support Gem](support_gem),support_gem
mmorpg.support_gem.fire_pene.enlighten,"[Penetration](penetration), [Support Gem](support_gem)",penetration;support_gem
mmorpg.support_gem.freeze_chance.enlighten,"[Камень поддержки:](support_gem) [шанс заморозить](freeze), ",support_gem;freeze
mmorpg.support_gem.gmp.enlighten,[Support Gem](support_gem),support_gem
mmorpg.support_gem.gmp_barrage.enlighten,[Support Gem](support_gem),support_gem
mmorpg.support_gem.heal_at_low.enlighten,[Support Gem](support_gem),support_gem
mmorpg.support_gem.heavy_channelling.enlighten,"[Channelling](channel), [Support Gem](support_gem)",channel;support_gem
mmorpg.support_gem.inc_heal.enlighten,[Support Gem](support_gem),support_gem
mmorpg.support_gem.lightning_damage.enlighten,[Support Gem](support_gem),support_gem
mmorpg.support_gem.lightning_pene.enlighten,"[Penetration](penetration), [Support Gem](support_gem)",penetration;support_gem
mmorpg.support_gem.lmp.enlighten,[Support Gem](support_gem),support_gem
mmorpg.support_gem.lmp_barrage.enlighten,[Support Gem](support_gem),support_gem
mmorpg.support_gem.melee_damage.enlighten,[Support Gem](support_gem),support_gem
mmorpg.support_gem.minion_threat.enlighten,"[Threat](threat), [Support Gem](support_gem)",threat;support_gem
mmorpg.support_gem.physical_damage.enlighten,[Support Gem](support_gem),support_gem
mmorpg.support_gem.plus_aoe.enlighten,[Support Gem](support_gem),support_gem
mmorpg.support_gem.poison_chance.enlighten,[Support Gem](support_gem),support_gem
mmorpg.support_gem.proc_freeze.enlighten,[Support Gem](support_gem),support_gem
mmorpg.support_gem.proc_shock.enlighten,[Support Gem](support_gem),support_gem
mmorpg.support_gem.proj_speed.enlighten,[Support Gem](support_gem),support_gem
mmorpg.support_gem.ranged_damage.enlighten,[Support Gem](support_gem),support_gem
mmorpg.support_gem.rare_cooldown.enlighten,"[Cooldown](cooldown), [Support Gem](support_gem)",cooldown;support_gem
mmorpg.support_gem.small_cdr.enlighten,"[Cooldown](cooldown), [Support Gem](support_gem)",cooldown;support_gem
mmorpg.support_gem.spell_damage_no_crit.enlighten,[Support Gem](support_gem),support_gem
mmorpg.support_gem.summon_damage.enlighten,[Support Gem](support_gem),support_gem
mmorpg.support_gem.summon_duration.enlighten,[Support Gem](support_gem),support_gem
mmorpg.support_gem.summon_health.enlighten,[Support Gem](support_gem),support_gem
mmorpg.support_gem.threat.enlighten,"[Threat](threat), [Support Gem](support_gem)",threat;support_gem
mmorpg.support_gem.totem_damage.enlighten,"[Totem](totem), [Support Gem](support_gem)",totem;support_gem
mmorpg.support_gem.totem_dmg_cdr.enlighten,"[Totems](totem), [Support Gem](support_gem)",totem;support_gem
mmorpg.support_gem.water_pene.enlighten,"[Penetration](penetration), [Support Gem](support_gem)",penetration;support_gem
mmorpg.word.aggresive_summons.enlighten,[minions](minions),minions
mmorpg.word.ailment_damage.enlighten,[Ailment](ailment),ailment
mmorpg.word.ailment_damage_note.enlighten,[Ailment](ailment),ailment
mmorpg.word.armor.enlighten,[Armor](armour),armour
mmorpg.word.attack_speed_multi.enlighten,[Cooldown](cooldown),cooldown
mmorpg.word.auto_fire_bows.enlighten,[basic attack](basic_attack),basic_attack
mmorpg.word.automatic_pve.enlighten,[Allies](allies),allies
mmorpg.word.basic_attack.enlighten,[Basic Attack](basic_attack),basic_attack
mmorpg.word.cast_time.enlighten,[Cast Time](cast_time),cast_time
mmorpg.word.channelled.enlighten,[Channelled](channel),channel
mmorpg.word.damage_type_ailment.enlighten,[Damage Over Time](damage_over_time),damage_over_time
mmorpg.word.damage_type_ailment_proc.enlighten,[Ailment](ailment),ailment
mmorpg.word.damage_type_basic_attack.enlighten,[Basic Attack](basic_attack),basic_attack
mmorpg.word.ene_cost.enlighten,[Energy](energy),energy
mmorpg.word.energy_cost_per_mob.enlighten,[Energy](energy),energy
mmorpg.word.increase_percent_stat.locale_context_for_translator.enlighten,[attack speed](attack_speed),attack_speed
mmorpg.word.increaseyourlevel.enlighten,[Support Gem](support_gem),support_gem
mmorpg.word.lockedsuppgemslot.enlighten,[Support Gem](support_gem),support_gem
mmorpg.word.mana_cost.enlighten,[Mana](mana),mana
mmorpg.word.map_downgrade_cooldown.enlighten,[cooldown](cooldown),cooldown
mmorpg.word.pet_basic.enlighten,[Basic Attack](basic_attack),basic_attack
mmorpg.word.pick_curse.enlighten,[Curse](curse),curse
mmorpg.word.recovery.enlighten,[Recovery](cast_time),cast_time
mmorpg.word.shatter.enlighten,[Shatter](shatter),shatter
mmorpg.word.softcapinfo.enlighten,[Resistance](resistances),resistances
mmorpg.word.solo_class_bonus.enlighten,[Damage Reduction](damage_reduction),damage_reduction
mmorpg.word.soulless_gear_desc.enlighten,[Armor](armour),armour
mmorpg.word.suppgem.enlighten,[Support Gem](support_gem),support_gem
mmorpg.word.usablevalueinfo.enlighten,"[Armor](armour), [damage reduction](damage_reduction)",armour;damage_reduction
mmorpg.word.weapon_basic_attack_dmg_multi.enlighten,[Basic Attack](basic_attack),basic_attack
mmorpg.profession.desc.cooking.enlighten,[buffs](buff),buff
mmorpg.stat_desc.aggro_radius.enlighten,[minions](minions),minions
mmorpg.stat_desc.all_dot_damage.enlighten,[damage over time](damage_over_time),damage_over_time
mmorpg.stat_desc.area_cast_time.enlighten,"[Cast Time](cast_time), [Recovery](cast_time), [Cooldowns](cooldown)",cast_time;cast_time;cooldown
mmorpg.stat_desc.area_cdr.enlighten,"[Cooldowns](cooldown), [Charge Regeneration](charge_regen), [Cast Time](cast_time), [Recovery](cast_time), [Cooldown](cooldown)",cooldown;charge_regen;cast_time;cast_time;cooldown
mmorpg.stat_desc.area_dmg.enlighten,[area of effect](area_of_effect),area_of_effect
mmorpg.stat_desc.armor_aura_cost.enlighten,"[reservation](reservation), [Augments](augment)",reservation;augment
mmorpg.stat_desc.arrow_cast_time.enlighten,"[Cast Time](cast_time), [Recovery](cast_time), [Cooldowns](cooldown)",cast_time;cast_time;cooldown
mmorpg.stat_desc.arrow_cdr.enlighten,"[Cooldowns](cooldown), [Charge Regeneration](charge_regen), [Cast Time](cast_time), [Recovery](cast_time), [Cooldown](cooldown)",cooldown;charge_regen;cast_time;cast_time;cooldown
mmorpg.stat_desc.attack_cast_speed.enlighten,"[Cast Time](cast_time), [Recovery](cast_time), [Cooldowns](cooldown), [Channelled](channel)",cast_time;cast_time;cooldown;channel
mmorpg.stat_desc.banner_cast_time.enlighten,"[Cast Time](cast_time), [Recovery](cast_time), [Cooldowns](cooldown)",cast_time;cast_time;cooldown
mmorpg.stat_desc.banner_cdr.enlighten,"[Cooldowns](cooldown), [Charge Regeneration](charge_regen), [Cast Time](cast_time), [Recovery](cast_time), [Cooldown](cooldown)",cooldown;charge_regen;cast_time;cast_time;cooldown
mmorpg.stat_desc.banner_duration.enlighten,[Banners](banner),banner
mmorpg.stat_desc.beast_cast_time.enlighten,"[Cast Time](cast_time), [Recovery](cast_time), [Cooldowns](cooldown)",cast_time;cast_time;cooldown
mmorpg.stat_desc.beast_cdr.enlighten,"[Cooldowns](cooldown), [Charge Regeneration](charge_regen), [Cast Time](cast_time), [Recovery](cast_time), [Cooldown](cooldown)",cooldown;charge_regen;cast_time;cast_time;cooldown
mmorpg.stat_desc.block_aura_cost.enlighten,"[reservation](reservation), [Augments](augment)",reservation;augment
mmorpg.stat_desc.blood_on_kill.enlighten,"[Leeches](leech), [leech](leech)",leech;leech
mmorpg.stat_desc.buff_cast_time.enlighten,"[Cast Time](cast_time), [Recovery](cast_time), [Cooldowns](cooldown)",cast_time;cast_time;cooldown
mmorpg.stat_desc.buff_cdr.enlighten,"[Cooldowns](cooldown), [Charge Regeneration](charge_regen), [Cast Time](cast_time), [Recovery](cast_time), [Cooldown](cooldown)",cooldown;charge_regen;cast_time;cast_time;cooldown
mmorpg.stat_desc.cast_speed.enlighten,"[Cast Time](cast_time), [Recovery](cast_time), [Cooldowns](cooldown), [Channelled](channel)",cast_time;cast_time;cooldown;channel
mmorpg.stat_desc.cdr.enlighten,"[Cooldowns](cooldown), [Charge Regeneration](charge_regen), [Cast Time](cast_time), [Recovery](cast_time), [Cooldown](cooldown)",cooldown;charge_regen;cast_time;cast_time;cooldown
mmorpg.stat_desc.chaining_cast_time.enlighten,"[Cast Time](cast_time), [Recovery](cast_time), [Cooldowns](cooldown)",cast_time;cast_time;cooldown
mmorpg.stat_desc.chaining_cdr.enlighten,"[Cooldowns](cooldown), [Charge Regeneration](charge_regen), [Cast Time](cast_time), [Recovery](cast_time), [Cooldown](cooldown)",cooldown;charge_regen;cast_time;cast_time;cooldown
mmorpg.stat_desc.channel_cast_time.enlighten,"[Cast Time](cast_time), [Recovery](cast_time), [Cooldowns](cooldown)",cast_time;cast_time;cooldown
mmorpg.stat_desc.channel_cdr.enlighten,"[Cooldowns](cooldown), [Charge Regeneration](charge_regen), [Cast Time](cast_time), [Recovery](cast_time), [Cooldown](cooldown)",cooldown;charge_regen;cast_time;cast_time;cooldown
mmorpg.stat_desc.channel_speed.enlighten,"[Channelled](channel), [Recovery](cast_time), [Cooldowns](cooldown)",channel;cast_time;cooldown
mmorpg.stat_desc.chaos_ailment_aura_cost.enlighten,"[reservation](reservation), [Augments](augment)",reservation;augment
mmorpg.stat_desc.chaos_cast_time.enlighten,"[Cast Time](cast_time), [Recovery](cast_time), [Cooldowns](cooldown)",cast_time;cast_time;cooldown
mmorpg.stat_desc.chaos_cdr.enlighten,"[Cooldowns](cooldown), [Charge Regeneration](charge_regen), [Cast Time](cast_time), [Recovery](cast_time), [Cooldown](cooldown)",cooldown;charge_regen;cast_time;cast_time;cooldown
mmorpg.stat_desc.chaos_damage_aura_cost.enlighten,"[reservation](reservation), [Augments](augment)",reservation;augment
mmorpg.stat_desc.chaos_doesnt_bypass_magic_shield.enlighten,[Magic Shield](magic_shield),magic_shield
mmorpg.stat_desc.chaos_res_aura_cost.enlighten,"[reservation](reservation), [Augments](augment)",reservation;augment
mmorpg.stat_desc.cold_ailment_aura_cost.enlighten,"[reservation](reservation), [Augments](augment)",reservation;augment
mmorpg.stat_desc.cold_cast_time.enlighten,"[Cast Time](cast_time), [Recovery](cast_time), [Cooldowns](cooldown)",cast_time;cast_time;cooldown
mmorpg.stat_desc.cold_cdr.enlighten,"[Cooldowns](cooldown), [Charge Regeneration](charge_regen), [Cast Time](cast_time), [Recovery](cast_time), [Cooldown](cooldown)",cooldown;charge_regen;cast_time;cast_time;cooldown
mmorpg.stat_desc.cold_damage_aura_cost.enlighten,"[reservation](reservation), [Augments](augment)",reservation;augment
mmorpg.stat_desc.cold_res_aura_cost.enlighten,"[reservation](reservation), [Augments](augment)",reservation;augment
mmorpg.stat_desc.curse_cast_time.enlighten,"[Cast Time](cast_time), [Recovery](cast_time), [Cooldowns](cooldown)",cast_time;cast_time;cooldown
mmorpg.stat_desc.curse_cdr.enlighten,"[Cooldowns](cooldown), [Charge Regeneration](charge_regen), [Cast Time](cast_time), [Recovery](cast_time), [Cooldown](cooldown)",cooldown;charge_regen;cast_time;cast_time;cooldown
mmorpg.stat_desc.damage_cast_time.enlighten,"[Cast Time](cast_time), [Recovery](cast_time), [Cooldowns](cooldown)",cast_time;cast_time;cooldown
mmorpg.stat_desc.damage_cdr.enlighten,"[Cooldowns](cooldown), [Charge Regeneration](charge_regen), [Cast Time](cast_time), [Recovery](cast_time), [Cooldown](cooldown)",cooldown;charge_regen;cast_time;cast_time;cooldown
mmorpg.stat_desc.dodge_aura_cost.enlighten,"[reservation](reservation), [Augments](augment)",reservation;augment
mmorpg.stat_desc.ele_added_attack_dmg.enlighten,[hit](hit_damage),hit_damage
mmorpg.stat_desc.ele_added_dmg.enlighten,[hit](hit_damage),hit_damage
mmorpg.stat_desc.ele_added_magic_dmg.enlighten,[hit](hit_damage),hit_damage
mmorpg.stat_desc.ele_atk_dmg.enlighten,[basic attacks](basic_attack),basic_attack
mmorpg.stat_desc.ele_res_aura_cost.enlighten,"[reservation](reservation), [Augments](augment)",reservation;augment
mmorpg.stat_desc.energy.enlighten,[Energy](energy),energy
mmorpg.stat_desc.energy_on_hit_hit.enlighten,"[hit](hit_damage), [leech](leech), [leech cap](leech_cap)",hit_damage;leech;leech_cap
mmorpg.stat_desc.energy_on_kill.enlighten,"[Leeches](leech), [leech](leech)",leech;leech
mmorpg.stat_desc.energy_reg_aura_cost.enlighten,"[reservation](reservation), [Augments](augment)",reservation;augment
mmorpg.stat_desc.fire_ailment_aura_cost.enlighten,"[reservation](reservation), [Augments](augment)",reservation;augment
mmorpg.stat_desc.fire_cast_time.enlighten,"[Cast Time](cast_time), [Recovery](cast_time), [Cooldowns](cooldown)",cast_time;cast_time;cooldown
mmorpg.stat_desc.fire_cdr.enlighten,"[Cooldowns](cooldown), [Charge Regeneration](charge_regen), [Cast Time](cast_time), [Recovery](cast_time), [Cooldown](cooldown)",cooldown;charge_regen;cast_time;cast_time;cooldown
mmorpg.stat_desc.fire_damage_aura_cost.enlighten,"[reservation](reservation), [Augments](augment)",reservation;augment
mmorpg.stat_desc.fire_res_aura_cost.enlighten,"[reservation](reservation), [Augments](augment)",reservation;augment
mmorpg.stat_desc.full_swing_damage.enlighten,[basic attack](basic_attack),basic_attack
mmorpg.stat_desc.golem_cast_time.enlighten,"[Cast Time](cast_time), [Recovery](cast_time), [Cooldowns](cooldown)",cast_time;cast_time;cooldown
mmorpg.stat_desc.golem_cdr.enlighten,"[Cooldowns](cooldown), [Charge Regeneration](charge_regen), [Cast Time](cast_time), [Recovery](cast_time), [Cooldown](cooldown)",cooldown;charge_regen;cast_time;cast_time;cooldown
mmorpg.stat_desc.harvest_completion_bounty.enlighten,[buff](buff),buff
mmorpg.stat_desc.has_pet_ability_cast_time.enlighten,"[Cast Time](cast_time), [Recovery](cast_time), [Cooldowns](cooldown)",cast_time;cast_time;cooldown
mmorpg.stat_desc.has_pet_ability_cdr.enlighten,"[Cooldowns](cooldown), [Charge Regeneration](charge_regen), [Cast Time](cast_time), [Recovery](cast_time), [Cooldown](cooldown)",cooldown;charge_regen;cast_time;cast_time;cooldown
mmorpg.stat_desc.heal_cast_time.enlighten,"[Cast Time](cast_time), [Recovery](cast_time), [Cooldowns](cooldown)",cast_time;cast_time;cooldown
mmorpg.stat_desc.heal_cdr.enlighten,"[Cooldowns](cooldown), [Charge Regeneration](charge_regen), [Cast Time](cast_time), [Recovery](cast_time), [Cooldown](cooldown)",cooldown;charge_regen;cast_time;cast_time;cooldown
mmorpg.stat_desc.health_on_hit_hit.enlighten,"[hit](hit_damage), [leech](leech), [leech cap](leech_cap)",hit_damage;leech;leech_cap
mmorpg.stat_desc.health_on_kill.enlighten,"[Leeches](leech), [leech](leech)",leech;leech
mmorpg.stat_desc.health_reg_aura_cost.enlighten,"[reservation](reservation), [Augments](augment)",reservation;augment
mmorpg.stat_desc.hit_damage.enlighten,[hits](hit_damage),hit_damage
mmorpg.stat_desc.inc_leech.enlighten,[leech](leech),leech
mmorpg.stat_desc.light_res_aura_cost.enlighten,"[reservation](reservation), [Augments](augment)",reservation;augment
mmorpg.stat_desc.lightning_ailment_aura_cost.enlighten,"[reservation](reservation), [Augments](augment)",reservation;augment
mmorpg.stat_desc.lightning_cast_time.enlighten,"[Cast Time](cast_time), [Recovery](cast_time), [Cooldowns](cooldown)",cast_time;cast_time;cooldown
mmorpg.stat_desc.lightning_cdr.enlighten,"[Cooldowns](cooldown), [Charge Regeneration](charge_regen), [Cast Time](cast_time), [Recovery](cast_time), [Cooldown](cooldown)",cooldown;charge_regen;cast_time;cast_time;cooldown
mmorpg.stat_desc.low_hp_healing.enlighten,[magic shield](magic_shield),magic_shield
mmorpg.stat_desc.magic_cast_time.enlighten,"[Cast Time](cast_time), [Recovery](cast_time), [Cooldowns](cooldown)",cast_time;cast_time;cooldown
mmorpg.stat_desc.magic_cdr.enlighten,"[Cooldowns](cooldown), [Charge Regeneration](charge_regen), [Cast Time](cast_time), [Recovery](cast_time), [Cooldown](cooldown)",cooldown;charge_regen;cast_time;cast_time;cooldown
mmorpg.stat_desc.magic_shield_aura_cost.enlighten,"[reservation](reservation), [Augments](augment)",reservation;augment
mmorpg.stat_desc.magic_shield_heal.enlighten,"[Magic Shield](magic_shield), [Regen](regeneration), [Leech](leech)",magic_shield;regeneration;leech
mmorpg.stat_desc.magic_shield_on_hit_hit.enlighten,"[hit](hit_damage), [leech](leech), [leech cap](leech_cap)",hit_damage;leech;leech_cap
mmorpg.stat_desc.magic_shield_on_kill.enlighten,"[Leeches](leech), [leech](leech)",leech;leech
mmorpg.stat_desc.magic_shield_reg_aura_cost.enlighten,"[reservation](reservation), [Augments](augment)",reservation;augment
mmorpg.stat_desc.mana.enlighten,[Mana](mana),mana
mmorpg.stat_desc.mana_on_hit_hit.enlighten,"[hit](hit_damage), [leech](leech), [leech cap](leech_cap)",hit_damage;leech;leech_cap
mmorpg.stat_desc.mana_on_kill.enlighten,"[Leeches](leech), [leech](leech)",leech;leech
mmorpg.stat_desc.mana_reg_aura_cost.enlighten,"[reservation](reservation), [Augments](augment)",reservation;augment
mmorpg.stat_desc.max_banners.enlighten,[Banners](banner),banner
mmorpg.stat_desc.max_beast_summons.enlighten,[minions](minions),minions
mmorpg.stat_desc.max_golem_summons.enlighten,[minions](minions),minions
mmorpg.stat_desc.max_spider_summons.enlighten,[minions](minions),minions
mmorpg.stat_desc.max_totems.enlighten,[Totems](totem),totem
mmorpg.stat_desc.max_undead_summons.enlighten,[minions](minions),minions
mmorpg.stat_desc.melee_cast_time.enlighten,"[Cast Time](cast_time), [Recovery](cast_time), [Cooldowns](cooldown)",cast_time;cast_time;cooldown
mmorpg.stat_desc.melee_cdr.enlighten,"[Cooldowns](cooldown), [Charge Regeneration](charge_regen), [Cast Time](cast_time), [Recovery](cast_time), [Cooldown](cooldown)",cooldown;charge_regen;cast_time;cast_time;cooldown
mmorpg.stat_desc.minion_explode_cast_time.enlighten,"[Cast Time](cast_time), [Recovery](cast_time), [Cooldowns](cooldown)",cast_time;cast_time;cooldown
mmorpg.stat_desc.minion_explode_cdr.enlighten,"[Cooldowns](cooldown), [Charge Regeneration](charge_regen), [Cast Time](cast_time), [Recovery](cast_time), [Cooldown](cooldown)",cooldown;charge_regen;cast_time;cast_time;cooldown
mmorpg.stat_desc.missile_cast_time.enlighten,"[Cast Time](cast_time), [Recovery](cast_time), [Cooldowns](cooldown)",cast_time;cast_time;cooldown
mmorpg.stat_desc.missile_cdr.enlighten,"[Cooldowns](cooldown), [Charge Regeneration](charge_regen), [Cast Time](cast_time), [Recovery](cast_time), [Cooldown](cooldown)",cooldown;charge_regen;cast_time;cast_time;cooldown
mmorpg.stat_desc.missing_hp_health_regen_per_2.enlighten,[Regen](regeneration),regeneration
mmorpg.stat_desc.missing_magic_shield_dmg_received_per_10.enlighten,"[Damage Received](damage_received), [Magic Shield](magic_shield)",damage_received;magic_shield
mmorpg.stat_desc.missing_mana_dmg_per_10.enlighten,[Mana](mana),mana
mmorpg.stat_desc.movement_cast_time.enlighten,"[Cast Time](cast_time), [Recovery](cast_time), [Cooldowns](cooldown)",cast_time;cast_time;cooldown
mmorpg.stat_desc.movement_cdr.enlighten,"[Cooldowns](cooldown), [Charge Regeneration](charge_regen), [Cast Time](cast_time), [Recovery](cast_time), [Cooldown](cooldown)",cooldown;charge_regen;cast_time;cast_time;cooldown
mmorpg.stat_desc.not_affected_by_cast_speed_cast_time.enlighten,"[Cast Time](cast_time), [Recovery](cast_time), [Cooldowns](cooldown)",cast_time;cast_time;cooldown
mmorpg.stat_desc.not_affected_by_cast_speed_cdr.enlighten,"[Cooldowns](cooldown), [Charge Regeneration](charge_regen), [Cast Time](cast_time), [Recovery](cast_time), [Cooldown](cooldown)",cooldown;charge_regen;cast_time;cast_time;cooldown
mmorpg.stat_desc.on_death_ignite_explosion.enlighten,[cooldown](cooldown),cooldown
mmorpg.stat_desc.out_of_combat_regen.enlighten,[regeneration](regeneration),regeneration
mmorpg.stat_desc.physical_ailment_aura_cost.enlighten,"[reservation](reservation), [Augments](augment)",reservation;augment
mmorpg.stat_desc.physical_cast_time.enlighten,"[Cast Time](cast_time), [Recovery](cast_time), [Cooldowns](cooldown)",cast_time;cast_time;cooldown
mmorpg.stat_desc.physical_cdr.enlighten,"[Cooldowns](cooldown), [Charge Regeneration](charge_regen), [Cast Time](cast_time), [Recovery](cast_time), [Cooldown](cooldown)",cooldown;charge_regen;cast_time;cast_time;cooldown
mmorpg.stat_desc.physical_damage_aura_cost.enlighten,"[reservation](reservation), [Augments](augment)",reservation;augment
mmorpg.stat_desc.proc_blood_explosion.enlighten,[cooldown](cooldown),cooldown
mmorpg.stat_desc.proc_ignite_explosion.enlighten,[cooldown](cooldown),cooldown
mmorpg.stat_desc.proc_profane_explosion.enlighten,[cooldown](cooldown),cooldown
mmorpg.stat_desc.proc_profane_explosion_any.enlighten,[cooldown](cooldown),cooldown
mmorpg.stat_desc.proj_dmg_received.enlighten,[basic attacks](basic_attack),basic_attack
mmorpg.stat_desc.projectile_cast_time.enlighten,"[Cast Time](cast_time), [Recovery](cast_time), [Cooldowns](cooldown)",cast_time;cast_time;cooldown
mmorpg.stat_desc.projectile_cdr.enlighten,"[Cooldowns](cooldown), [Charge Regeneration](charge_regen), [Cast Time](cast_time), [Recovery](cast_time), [Cooldown](cooldown)",cooldown;charge_regen;cast_time;cast_time;cooldown
mmorpg.stat_desc.prophecy_double_curse.enlighten,[curses](curse),curse
mmorpg.stat_desc.ranged_cast_time.enlighten,"[Cast Time](cast_time), [Recovery](cast_time), [Cooldowns](cooldown)",cast_time;cast_time;cooldown
mmorpg.stat_desc.ranged_cdr.enlighten,"[Cooldowns](cooldown), [Charge Regeneration](charge_regen), [Cast Time](cast_time), [Recovery](cast_time), [Cooldown](cooldown)",cooldown;charge_regen;cast_time;cast_time;cooldown
mmorpg.stat_desc.rejuvenate_cast_time.enlighten,"[Cast Time](cast_time), [Recovery](cast_time), [Cooldowns](cooldown)",cast_time;cast_time;cooldown
mmorpg.stat_desc.rejuvenate_cdr.enlighten,"[Cooldowns](cooldown), [Charge Regeneration](charge_regen), [Cast Time](cast_time), [Recovery](cast_time), [Cooldown](cooldown)",cooldown;charge_regen;cast_time;cast_time;cooldown
mmorpg.stat_desc.self_damage_cast_time.enlighten,"[Cast Time](cast_time), [Recovery](cast_time), [Cooldowns](cooldown)",cast_time;cast_time;cooldown
mmorpg.stat_desc.self_damage_cdr.enlighten,"[Cooldowns](cooldown), [Charge Regeneration](charge_regen), [Cast Time](cast_time), [Recovery](cast_time), [Cooldown](cooldown)",cooldown;charge_regen;cast_time;cast_time;cooldown
mmorpg.stat_desc.shatter_cast_time.enlighten,"[Cast Time](cast_time), [Recovery](cast_time), [Cooldowns](cooldown)",cast_time;cast_time;cooldown
mmorpg.stat_desc.shatter_cdr.enlighten,"[Cooldowns](cooldown), [Charge Regeneration](charge_regen), [Cast Time](cast_time), [Recovery](cast_time), [Cooldown](cooldown)",cooldown;charge_regen;cast_time;cast_time;cooldown
mmorpg.stat_desc.shield_cast_time.enlighten,"[Cast Time](cast_time), [Recovery](cast_time), [Cooldowns](cooldown)",cast_time;cast_time;cooldown
mmorpg.stat_desc.shield_cdr.enlighten,"[Cooldowns](cooldown), [Charge Regeneration](charge_regen), [Cast Time](cast_time), [Recovery](cast_time), [Cooldown](cooldown)",cooldown;charge_regen;cast_time;cast_time;cooldown
mmorpg.stat_desc.shout_cast_time.enlighten,"[Cast Time](cast_time), [Recovery](cast_time), [Cooldowns](cooldown)",cast_time;cast_time;cooldown
mmorpg.stat_desc.shout_cdr.enlighten,"[Cooldowns](cooldown), [Charge Regeneration](charge_regen), [Cast Time](cast_time), [Recovery](cast_time), [Cooldown](cooldown)",cooldown;charge_regen;cast_time;cast_time;cooldown
mmorpg.stat_desc.shrine_double_buff.enlighten,"[Shrines](shrine), [buffs](buff), [buff](buff)",shrine;buff;buff
mmorpg.stat_desc.shrine_event_chance.enlighten,[Shrine](shrine),shrine
mmorpg.stat_desc.skill_gem_find.enlighten,[Augment](augment),augment
mmorpg.stat_desc.skill_speed.enlighten,"[Cast Time](cast_time), [Recovery](cast_time), [Cooldowns](cooldown), [Channelled](channel)",cast_time;cast_time;cooldown;channel
mmorpg.stat_desc.song_cast_time.enlighten,"[Cast Time](cast_time), [Recovery](cast_time), [Cooldowns](cooldown)",cast_time;cast_time;cooldown
mmorpg.stat_desc.song_cdr.enlighten,"[Cooldowns](cooldown), [Charge Regeneration](charge_regen), [Cast Time](cast_time), [Recovery](cast_time), [Cooldown](cooldown)",cooldown;charge_regen;cast_time;cast_time;cooldown
mmorpg.stat_desc.spell_dodge.enlighten,[magic](magic),magic
mmorpg.stat_desc.summon_cast_time.enlighten,"[Cast Time](cast_time), [Recovery](cast_time), [Cooldowns](cooldown)",cast_time;cast_time;cooldown
mmorpg.stat_desc.summon_cdr.enlighten,"[Cooldowns](cooldown), [Charge Regeneration](charge_regen), [Cast Time](cast_time), [Recovery](cast_time), [Cooldown](cooldown)",cooldown;charge_regen;cast_time;cast_time;cooldown
mmorpg.stat_desc.summon_damage.enlighten,[minions](minions),minions
mmorpg.stat_desc.summon_dmg_aura_cost.enlighten,"[reservation](reservation), [Augments](augment)",reservation;augment
mmorpg.stat_desc.thorns_cast_time.enlighten,"[Cast Time](cast_time), [Recovery](cast_time), [Cooldowns](cooldown)",cast_time;cast_time;cooldown
mmorpg.stat_desc.thorns_cdr.enlighten,"[Cooldowns](cooldown), [Charge Regeneration](charge_regen), [Cast Time](cast_time), [Recovery](cast_time), [Cooldown](cooldown)",cooldown;charge_regen;cast_time;cast_time;cooldown
mmorpg.stat_desc.threat_generated.enlighten,[threat](threat),threat
mmorpg.stat_desc.totem_cast_time.enlighten,"[Cast Time](cast_time), [Recovery](cast_time), [Cooldowns](cooldown)",cast_time;cast_time;cooldown
mmorpg.stat_desc.totem_cdr.enlighten,"[Cooldowns](cooldown), [Charge Regeneration](charge_regen), [Cast Time](cast_time), [Recovery](cast_time), [Cooldown](cooldown)",cooldown;charge_regen;cast_time;cast_time;cooldown
mmorpg.stat_desc.trap_area_dmg.enlighten,[area of effect](area_of_effect),area_of_effect
mmorpg.stat_desc.trap_cast_time.enlighten,"[Cast Time](cast_time), [Recovery](cast_time), [Cooldowns](cooldown)",cast_time;cast_time;cooldown
mmorpg.stat_desc.trap_cdr.enlighten,"[Cooldowns](cooldown), [Charge Regeneration](charge_regen), [Cast Time](cast_time), [Recovery](cast_time), [Cooldown](cooldown)",cooldown;charge_regen;cast_time;cast_time;cooldown
mmorpg.stat_desc.turn_ele_to_chaos.enlighten,[hit](hit_damage),hit_damage
mmorpg.stat_desc.turn_phys_to_random.enlighten,[hit](hit_damage),hit_damage
mmorpg.stat_desc.weapon_skill_cast_time.enlighten,"[Cast Time](cast_time), [Recovery](cast_time), [Cooldowns](cooldown)",cast_time;cast_time;cooldown
mmorpg.stat_desc.weapon_skill_cdr.enlighten,"[Cooldowns](cooldown), [Charge Regeneration](charge_regen), [Cast Time](cast_time), [Recovery](cast_time), [Cooldown](cooldown)",cooldown;charge_regen;cast_time;cast_time;cooldown
mmorpg.ailment.desc.bleed.enlighten,[Physical](physical_damage),physical_damage
mmorpg.ailment.desc.burn.enlighten,[Fire](fire_damage),fire_damage
mmorpg.ailment.desc.electrify.enlighten,[Lightning](lightning_damage),lightning_damage
mmorpg.ailment.desc.freeze.enlighten,"[Slows](slow), [SHATTER](shatter), [Cold](cold_damage)",slow;shatter;cold_damage
mmorpg.ailment.desc.poison.enlighten,[Chaos](chaos_damage),chaos_damage
mmorpg.effect.desc.thorn.enlighten,[Physical](physical_damage),physical_damage
library_of_exile.item_requirement.is_aura_gem.enlighten,[Augment](augment),augment
library_of_exile.item_requirement.is_support_gem.enlighten,[Support Gem](support_gem),support_gem
library_of_exile.relic_stat.guarantee_shrine_content.enlighten,[Shrine](shrine),shrine
library_of_exile.relic_stat.guarantee_shrine_content.guaranteed.enlighten,[Shrine](shrine),shrine
mmorpg.stat.blood.enlighten,[Blood](blood),blood
mmorpg.stat_desc.blood.enlighten,"[Blood](blood), [Mana](mana), [Energy](energy)",blood;mana;energy
mmorpg.stat.area_cast_time.enlighten,[Skill Speed](cast_time),cast_time
mmorpg.stat.arrow_cast_time.enlighten,[Skill Speed](cast_time),cast_time
mmorpg.stat.attack_cast_speed.enlighten,[Attack Skill Speed](cast_time),cast_time
mmorpg.stat.beast_cast_time.enlighten,[Skill Speed](cast_time),cast_time
mmorpg.stat.cast_speed.enlighten,[Magic Skill Speed](cast_time),cast_time
mmorpg.stat.chaining_cast_time.enlighten,[Skill Speed](cast_time),cast_time
mmorpg.stat.channel_cast_time.enlighten,[Skill Speed](cast_time),cast_time
mmorpg.stat.chaos_cast_time.enlighten,[Skill Speed](cast_time),cast_time
mmorpg.stat.cold_cast_time.enlighten,[Skill Speed](cast_time),cast_time
mmorpg.stat.damage_cast_time.enlighten,[Skill Speed](cast_time),cast_time
mmorpg.stat.fire_cast_time.enlighten,[Skill Speed](cast_time),cast_time
mmorpg.stat.golem_cast_time.enlighten,[Skill Speed](cast_time),cast_time
mmorpg.stat.has_pet_ability_cast_time.enlighten,[Skill Speed](cast_time),cast_time
mmorpg.stat.heal_cast_time.enlighten,[Skill Speed](cast_time),cast_time
mmorpg.stat.lightning_cast_time.enlighten,[Skill Speed](cast_time),cast_time
mmorpg.stat.magic_cast_time.enlighten,[Magic Skill Speed](cast_time),cast_time
mmorpg.stat.melee_cast_time.enlighten,[Skill Speed](cast_time),cast_time
mmorpg.stat.missile_cast_time.enlighten,[Skill Speed](cast_time),cast_time
mmorpg.stat.movement_cast_time.enlighten,[Skill Speed](cast_time),cast_time
mmorpg.stat.physical_cast_time.enlighten,[Skill Speed](cast_time),cast_time
mmorpg.stat.projectile_cast_time.enlighten,[Skill Speed](cast_time),cast_time
mmorpg.stat.ranged_cast_time.enlighten,[Skill Speed](cast_time),cast_time
mmorpg.stat.rejuvenate_cast_time.enlighten,[Skill Speed](cast_time),cast_time
mmorpg.stat.self_damage_cast_time.enlighten,[Skill Speed](cast_time),cast_time
mmorpg.stat.shield_cast_time.enlighten,[Skill Speed](cast_time),cast_time
mmorpg.stat.shout_cast_time.enlighten,[Skill Speed](cast_time),cast_time
mmorpg.stat.skill_speed.enlighten,[Skill Speed](cast_time),cast_time
mmorpg.stat.song_cast_time.enlighten,[Skill Speed](cast_time),cast_time
mmorpg.stat.summon_cast_time.enlighten,[Skill Speed](cast_time),cast_time
mmorpg.stat.thorns_cast_time.enlighten,[Skill Speed](cast_time),cast_time
mmorpg.stat.trap_cast_time.enlighten,[Skill Speed](cast_time),cast_time
mmorpg.stat.weapon_skill_cast_time.enlighten,[Skill Speed](cast_time),cast_time
